--REPAIR--
DELETE FROM REPAIR;
INSERT INTO REPAIR VALUES (101, '上海市嘉定区安亭镇曹安公路4800号', '13907589021', '121.21792', '31.28698');
INSERT INTO REPAIR VALUES (102, '上海市嘉定区嘉松北路6130弄', '17809563528', '121.22216', '31.28826');
INSERT INTO REPAIR VALUES (103, '上海市嘉定区雅丹路673号', '189086902367', '121.19936', '31.29346');
INSERT INTO REPAIR VALUES (104, '上海市嘉定区绿苑路587号', '18200985623', '121.21105', '31.28032');

--SENSORS--
DELETE FROM SENSORS;
INSERT INTO SENSORS VALUES(100001,'气表:m^3','G-169','仓库');
INSERT INTO SENSORS VALUES(100002,'电表:KwH','K-111','后厨');
INSERT INTO SENSORS VALUES(100003,'气表:m^3','K-111','后厨');
INSERT INTO SENSORS VALUES(100004,'电表:KwH','T-114','仓库');
INSERT INTO SENSORS VALUES(100005,'气表:m^3','G-117','仓库');
INSERT INTO SENSORS VALUES(100006,'电表:KwH','J-111','大堂');
INSERT INTO SENSORS VALUES(100007,'气表:m^3','H-117','大堂');
INSERT INTO SENSORS VALUES(100008,'气表:m^3','H-178','办公室');
INSERT INTO SENSORS VALUES(100009,'电表:KwH','G-117','后厨');
INSERT INTO SENSORS VALUES(100010,'气表:m^3','K-111','办公室');
INSERT INTO SENSORS VALUES(100011,'气表:m^3','K-111','大堂');
INSERT INTO SENSORS VALUES(100012,'水表:Ton','H-174','后厨');
INSERT INTO SENSORS VALUES(100013,'水表:Ton','H-187','仓库');
INSERT INTO SENSORS VALUES(100014,'气表:m^3','T-114','后厨');
INSERT INTO SENSORS VALUES(100015,'电表:KwH','H-117','后厨');
INSERT INTO SENSORS VALUES(100016,'电表:KwH','G-169','后厨');
INSERT INTO SENSORS VALUES(100017,'气表:m^3','K-111','大堂');
INSERT INTO SENSORS VALUES(100018,'电表:KwH','T-114','后厨');
INSERT INTO SENSORS VALUES(100019,'水表:Ton','K-111','大堂');
INSERT INTO SENSORS VALUES(100020,'电表:KwH','H-178','大堂');
INSERT INTO SENSORS VALUES(100021,'电表:KwH','H-187','后厨');
INSERT INTO SENSORS VALUES(100022,'电表:KwH','H-187','办公室');
INSERT INTO SENSORS VALUES(100023,'电表:KwH','T-114','办公室');
INSERT INTO SENSORS VALUES(100024,'电表:KwH','J-111','办公室');
INSERT INTO SENSORS VALUES(100025,'水表:Ton','H-174','大堂');
INSERT INTO SENSORS VALUES(100026,'水表:Ton','K-111','后厨');
INSERT INTO SENSORS VALUES(100027,'水表:Ton','J-111','仓库');
INSERT INTO SENSORS VALUES(100028,'电表:KwH','H-178','仓库');
INSERT INTO SENSORS VALUES(100029,'气表:m^3','J-111','仓库');
INSERT INTO SENSORS VALUES(100030,'气表:m^3','G-169','仓库');
INSERT INTO SENSORS VALUES(100031,'气表:m^3','T-114','大堂');
INSERT INTO SENSORS VALUES(100032,'电表:KwH','J-111','仓库');
INSERT INTO SENSORS VALUES(100033,'水表:Ton','H-178','后厨');
INSERT INTO SENSORS VALUES(100034,'水表:Ton','H-117','办公室');
INSERT INTO SENSORS VALUES(100035,'气表:m^3','G-169','仓库');
INSERT INTO SENSORS VALUES(100036,'水表:Ton','G-117','仓库');
INSERT INTO SENSORS VALUES(100037,'电表:KwH','K-111','后厨');
INSERT INTO SENSORS VALUES(100038,'气表:m^3','G-169','大堂');
INSERT INTO SENSORS VALUES(100039,'水表:Ton','H-178','仓库');
INSERT INTO SENSORS VALUES(100040,'电表:KwH','H-174','后厨');
INSERT INTO SENSORS VALUES(100041,'水表:Ton','T-114','办公室');
INSERT INTO SENSORS VALUES(100042,'水表:Ton','G-169','后厨');
INSERT INTO SENSORS VALUES(100043,'水表:Ton','K-133','办公室');
INSERT INTO SENSORS VALUES(100044,'水表:Ton','T-114','仓库');
INSERT INTO SENSORS VALUES(100045,'电表:KwH','T-114','办公室');
INSERT INTO SENSORS VALUES(100046,'气表:m^3','H-178','后厨');
INSERT INTO SENSORS VALUES(100047,'气表:m^3','H-174','仓库');
INSERT INTO SENSORS VALUES(100048,'气表:m^3','H-117','大堂');
INSERT INTO SENSORS VALUES(100049,'气表:m^3','K-111','大堂');
INSERT INTO SENSORS VALUES(100050,'水表:Ton','K-133','仓库');
INSERT INTO SENSORS VALUES(100051,'气表:m^3','H-117','大堂');
INSERT INTO SENSORS VALUES(100052,'气表:m^3','H-117','大堂');
INSERT INTO SENSORS VALUES(100053,'电表:KwH','G-169','仓库');
INSERT INTO SENSORS VALUES(100054,'电表:KwH','T-114','大堂');
INSERT INTO SENSORS VALUES(100055,'气表:m^3','H-178','后厨');
INSERT INTO SENSORS VALUES(100056,'电表:KwH','G-169','办公室');
INSERT INTO SENSORS VALUES(100057,'气表:m^3','G-169','后厨');
INSERT INTO SENSORS VALUES(100058,'电表:KwH','H-187','办公室');
INSERT INTO SENSORS VALUES(100059,'水表:Ton','K-133','后厨');
INSERT INTO SENSORS VALUES(100060,'电表:KwH','H-174','办公室');
INSERT INTO SENSORS VALUES(100061,'气表:m^3','H-178','仓库');
INSERT INTO SENSORS VALUES(100062,'水表:Ton','J-111','仓库');
INSERT INTO SENSORS VALUES(100063,'电表:KwH','H-117','大堂');
INSERT INTO SENSORS VALUES(100064,'电表:KwH','J-111','仓库');
INSERT INTO SENSORS VALUES(100065,'电表:KwH','T-114','后厨');
INSERT INTO SENSORS VALUES(100066,'水表:Ton','H-117','后厨');
INSERT INTO SENSORS VALUES(100067,'电表:KwH','H-117','大堂');
INSERT INTO SENSORS VALUES(100068,'电表:KwH','G-117','后厨');
INSERT INTO SENSORS VALUES(100069,'水表:Ton','H-117','办公室');
INSERT INTO SENSORS VALUES(100070,'气表:m^3','H-117','后厨');
INSERT INTO SENSORS VALUES(100071,'水表:Ton','J-111','大堂');
INSERT INTO SENSORS VALUES(100072,'水表:Ton','H-117','仓库');
INSERT INTO SENSORS VALUES(100073,'水表:Ton','H-174','仓库');
INSERT INTO SENSORS VALUES(100074,'水表:Ton','H-178','大堂');
INSERT INTO SENSORS VALUES(100075,'气表:m^3','H-117','办公室');
INSERT INTO SENSORS VALUES(100076,'气表:m^3','J-111','后厨');
INSERT INTO SENSORS VALUES(100077,'气表:m^3','H-174','办公室');
INSERT INTO SENSORS VALUES(100078,'气表:m^3','T-114','办公室');
INSERT INTO SENSORS VALUES(100079,'水表:Ton','G-117','仓库');
INSERT INTO SENSORS VALUES(100080,'水表:Ton','T-114','仓库');
INSERT INTO SENSORS VALUES(100081,'水表:Ton','G-117','办公室');
INSERT INTO SENSORS VALUES(100082,'水表:Ton','J-111','后厨');
INSERT INTO SENSORS VALUES(100083,'电表:KwH','J-111','仓库');
INSERT INTO SENSORS VALUES(100084,'电表:KwH','K-111','大堂');
INSERT INTO SENSORS VALUES(100085,'水表:Ton','K-111','仓库');
INSERT INTO SENSORS VALUES(100086,'电表:KwH','J-111','仓库');
INSERT INTO SENSORS VALUES(100087,'电表:KwH','H-178','办公室');
INSERT INTO SENSORS VALUES(100088,'电表:KwH','H-187','大堂');
INSERT INTO SENSORS VALUES(100089,'水表:Ton','H-117','大堂');
INSERT INTO SENSORS VALUES(100090,'电表:KwH','H-174','后厨');
INSERT INTO SENSORS VALUES(100091,'气表:m^3','H-174','办公室');
INSERT INTO SENSORS VALUES(100092,'气表:m^3','K-133','大堂');
INSERT INTO SENSORS VALUES(100093,'电表:KwH','G-117','仓库');
INSERT INTO SENSORS VALUES(100094,'电表:KwH','H-117','仓库');
INSERT INTO SENSORS VALUES(100095,'电表:KwH','T-114','后厨');
INSERT INTO SENSORS VALUES(100096,'电表:KwH','G-169','办公室');
INSERT INTO SENSORS VALUES(100097,'气表:m^3','H-174','办公室');
INSERT INTO SENSORS VALUES(100098,'电表:KwH','G-117','办公室');
INSERT INTO SENSORS VALUES(100099,'气表:m^3','H-117','大堂');
INSERT INTO SENSORS VALUES(100100,'电表:KwH','H-178','仓库');


--SENSORLOG--
DELETE FROM SENSORLOG;
INSERT INTO SENSORLOG VALUES(1, 100001, LOCALTIMESTAMP(2), 11.32);
INSERT INTO SENSORLOG VALUES(2, 100002, LOCALTIMESTAMP(2), 12.76);
INSERT INTO SENSORLOG VALUES(3, 100003, LOCALTIMESTAMP(2), 14.74);
INSERT INTO SENSORLOG VALUES(4, 100004, LOCALTIMESTAMP(2), 16.48);
INSERT INTO SENSORLOG VALUES(5, 100005, LOCALTIMESTAMP(2), 18.33);
INSERT INTO SENSORLOG VALUES(6, 100006, LOCALTIMESTAMP(2), 14.4);
INSERT INTO SENSORLOG VALUES(7, 100007, LOCALTIMESTAMP(2), 17.6);
INSERT INTO SENSORLOG VALUES(8, 100008, LOCALTIMESTAMP(2), 18.94);
INSERT INTO SENSORLOG VALUES(9, 100009, LOCALTIMESTAMP(2), 18.63);
INSERT INTO SENSORLOG VALUES(10, 100010, LOCALTIMESTAMP(2), 14.72);
INSERT INTO SENSORLOG VALUES(11, 100011, LOCALTIMESTAMP(2), 19.71);
INSERT INTO SENSORLOG VALUES(12, 100012, LOCALTIMESTAMP(2), 19.25);
INSERT INTO SENSORLOG VALUES(13, 100013, LOCALTIMESTAMP(2), 16.94);
INSERT INTO SENSORLOG VALUES(14, 100014, LOCALTIMESTAMP(2), 15.02);
INSERT INTO SENSORLOG VALUES(15, 100015, LOCALTIMESTAMP(2), 18.91);
INSERT INTO SENSORLOG VALUES(16, 100016, LOCALTIMESTAMP(2), 18.69);
INSERT INTO SENSORLOG VALUES(17, 100017, LOCALTIMESTAMP(2), 17.58);
INSERT INTO SENSORLOG VALUES(18, 100018, LOCALTIMESTAMP(2), 18.35);
INSERT INTO SENSORLOG VALUES(19, 100019, LOCALTIMESTAMP(2), 16.0);
INSERT INTO SENSORLOG VALUES(20, 100020, LOCALTIMESTAMP(2), 11.94);
INSERT INTO SENSORLOG VALUES(21, 100021, LOCALTIMESTAMP(2), 17.71);
INSERT INTO SENSORLOG VALUES(22, 100022, LOCALTIMESTAMP(2), 14.49);
INSERT INTO SENSORLOG VALUES(23, 100023, LOCALTIMESTAMP(2), 14.52);
INSERT INTO SENSORLOG VALUES(24, 100024, LOCALTIMESTAMP(2), 15.62);
INSERT INTO SENSORLOG VALUES(25, 100025, LOCALTIMESTAMP(2), 17.42);
INSERT INTO SENSORLOG VALUES(26, 100026, LOCALTIMESTAMP(2), 11.74);
INSERT INTO SENSORLOG VALUES(27, 100027, LOCALTIMESTAMP(2), 16.53);
INSERT INTO SENSORLOG VALUES(28, 100028, LOCALTIMESTAMP(2), 18.48);
INSERT INTO SENSORLOG VALUES(29, 100029, LOCALTIMESTAMP(2), 12.88);
INSERT INTO SENSORLOG VALUES(30, 100030, LOCALTIMESTAMP(2), 18.98);
INSERT INTO SENSORLOG VALUES(31, 100031, LOCALTIMESTAMP(2), 12.56);
INSERT INTO SENSORLOG VALUES(32, 100032, LOCALTIMESTAMP(2), 17.27);
INSERT INTO SENSORLOG VALUES(33, 100033, LOCALTIMESTAMP(2), 19.87);
INSERT INTO SENSORLOG VALUES(34, 100034, LOCALTIMESTAMP(2), 12.0);
INSERT INTO SENSORLOG VALUES(35, 100035, LOCALTIMESTAMP(2), 15.25);
INSERT INTO SENSORLOG VALUES(36, 100036, LOCALTIMESTAMP(2), 16.88);
INSERT INTO SENSORLOG VALUES(37, 100037, LOCALTIMESTAMP(2), 13.71);
INSERT INTO SENSORLOG VALUES(38, 100038, LOCALTIMESTAMP(2), 17.37);
INSERT INTO SENSORLOG VALUES(39, 100039, LOCALTIMESTAMP(2), 13.21);
INSERT INTO SENSORLOG VALUES(40, 100040, LOCALTIMESTAMP(2), 12.0);
INSERT INTO SENSORLOG VALUES(41, 100041, LOCALTIMESTAMP(2), 19.61);
INSERT INTO SENSORLOG VALUES(42, 100042, LOCALTIMESTAMP(2), 15.74);
INSERT INTO SENSORLOG VALUES(43, 100043, LOCALTIMESTAMP(2), 13.57);
INSERT INTO SENSORLOG VALUES(44, 100044, LOCALTIMESTAMP(2), 15.53);
INSERT INTO SENSORLOG VALUES(45, 100045, LOCALTIMESTAMP(2), 14.03);
INSERT INTO SENSORLOG VALUES(46, 100046, LOCALTIMESTAMP(2), 18.79);
INSERT INTO SENSORLOG VALUES(47, 100047, LOCALTIMESTAMP(2), 16.59);
INSERT INTO SENSORLOG VALUES(48, 100048, LOCALTIMESTAMP(2), 18.56);
INSERT INTO SENSORLOG VALUES(49, 100049, LOCALTIMESTAMP(2), 14.62);
INSERT INTO SENSORLOG VALUES(50, 100050, LOCALTIMESTAMP(2), 16.54);
INSERT INTO SENSORLOG VALUES(51, 100051, LOCALTIMESTAMP(2), 16.22);
INSERT INTO SENSORLOG VALUES(52, 100052, LOCALTIMESTAMP(2), 15.74);
INSERT INTO SENSORLOG VALUES(53, 100053, LOCALTIMESTAMP(2), 13.57);
INSERT INTO SENSORLOG VALUES(54, 100054, LOCALTIMESTAMP(2), 12.78);
INSERT INTO SENSORLOG VALUES(55, 100055, LOCALTIMESTAMP(2), 14.23);
INSERT INTO SENSORLOG VALUES(56, 100056, LOCALTIMESTAMP(2), 12.22);
INSERT INTO SENSORLOG VALUES(57, 100057, LOCALTIMESTAMP(2), 17.96);
INSERT INTO SENSORLOG VALUES(58, 100058, LOCALTIMESTAMP(2), 15.18);
INSERT INTO SENSORLOG VALUES(59, 100059, LOCALTIMESTAMP(2), 18.23);
INSERT INTO SENSORLOG VALUES(60, 100060, LOCALTIMESTAMP(2), 17.23);
INSERT INTO SENSORLOG VALUES(61, 100061, LOCALTIMESTAMP(2), 18.18);
INSERT INTO SENSORLOG VALUES(62, 100062, LOCALTIMESTAMP(2), 16.96);
INSERT INTO SENSORLOG VALUES(63, 100063, LOCALTIMESTAMP(2), 14.99);
INSERT INTO SENSORLOG VALUES(64, 100064, LOCALTIMESTAMP(2), 12.54);
INSERT INTO SENSORLOG VALUES(65, 100065, LOCALTIMESTAMP(2), 15.71);
INSERT INTO SENSORLOG VALUES(66, 100066, LOCALTIMESTAMP(2), 15.04);
INSERT INTO SENSORLOG VALUES(67, 100067, LOCALTIMESTAMP(2), 16.67);
INSERT INTO SENSORLOG VALUES(68, 100068, LOCALTIMESTAMP(2), 13.78);
INSERT INTO SENSORLOG VALUES(69, 100069, LOCALTIMESTAMP(2), 11.93);
INSERT INTO SENSORLOG VALUES(70, 100070, LOCALTIMESTAMP(2), 15.32);
INSERT INTO SENSORLOG VALUES(71, 100071, LOCALTIMESTAMP(2), 17.6);
INSERT INTO SENSORLOG VALUES(72, 100072, LOCALTIMESTAMP(2), 19.66);
INSERT INTO SENSORLOG VALUES(73, 100073, LOCALTIMESTAMP(2), 15.83);
INSERT INTO SENSORLOG VALUES(74, 100074, LOCALTIMESTAMP(2), 11.62);
INSERT INTO SENSORLOG VALUES(75, 100075, LOCALTIMESTAMP(2), 19.24);
INSERT INTO SENSORLOG VALUES(76, 100076, LOCALTIMESTAMP(2), 16.44);
INSERT INTO SENSORLOG VALUES(77, 100077, LOCALTIMESTAMP(2), 17.56);
INSERT INTO SENSORLOG VALUES(78, 100078, LOCALTIMESTAMP(2), 11.56);
INSERT INTO SENSORLOG VALUES(79, 100079, LOCALTIMESTAMP(2), 14.34);
INSERT INTO SENSORLOG VALUES(80, 100080, LOCALTIMESTAMP(2), 14.61);
INSERT INTO SENSORLOG VALUES(81, 100081, LOCALTIMESTAMP(2), 15.52);
INSERT INTO SENSORLOG VALUES(82, 100082, LOCALTIMESTAMP(2), 16.47);
INSERT INTO SENSORLOG VALUES(83, 100083, LOCALTIMESTAMP(2), 13.86);
INSERT INTO SENSORLOG VALUES(84, 100084, LOCALTIMESTAMP(2), 12.32);
INSERT INTO SENSORLOG VALUES(85, 100085, LOCALTIMESTAMP(2), 18.5);
INSERT INTO SENSORLOG VALUES(86, 100086, LOCALTIMESTAMP(2), 16.79);
INSERT INTO SENSORLOG VALUES(87, 100087, LOCALTIMESTAMP(2), 13.05);
INSERT INTO SENSORLOG VALUES(88, 100088, LOCALTIMESTAMP(2), 12.3);
INSERT INTO SENSORLOG VALUES(89, 100089, LOCALTIMESTAMP(2), 13.63);
INSERT INTO SENSORLOG VALUES(90, 100090, LOCALTIMESTAMP(2), 16.45);
INSERT INTO SENSORLOG VALUES(91, 100091, LOCALTIMESTAMP(2), 13.13);
INSERT INTO SENSORLOG VALUES(92, 100092, LOCALTIMESTAMP(2), 18.23);
INSERT INTO SENSORLOG VALUES(93, 100093, LOCALTIMESTAMP(2), 11.38);
INSERT INTO SENSORLOG VALUES(94, 100094, LOCALTIMESTAMP(2), 17.46);
INSERT INTO SENSORLOG VALUES(95, 100095, LOCALTIMESTAMP(2), 18.96);
INSERT INTO SENSORLOG VALUES(96, 100096, LOCALTIMESTAMP(2), 13.91);
INSERT INTO SENSORLOG VALUES(97, 100097, LOCALTIMESTAMP(2), 19.52);
INSERT INTO SENSORLOG VALUES(98, 100098, LOCALTIMESTAMP(2), 14.24);
INSERT INTO SENSORLOG VALUES(99, 100099, LOCALTIMESTAMP(2), 19.17);
INSERT INTO SENSORLOG VALUES(100, 100100, LOCALTIMESTAMP(2), 11.2);
INSERT INTO SENSORLOG VALUES(101, 100001, LOCALTIMESTAMP(2), 54.98);
INSERT INTO SENSORLOG VALUES(102, 100002, LOCALTIMESTAMP(2), 68.55);
INSERT INTO SENSORLOG VALUES(103, 100003, LOCALTIMESTAMP(2), 82.67);
INSERT INTO SENSORLOG VALUES(104, 100004, LOCALTIMESTAMP(2), 63.96);
INSERT INTO SENSORLOG VALUES(105, 100005, LOCALTIMESTAMP(2), 64.84);
INSERT INTO SENSORLOG VALUES(106, 100006, LOCALTIMESTAMP(2), 77.62);
INSERT INTO SENSORLOG VALUES(107, 100007, LOCALTIMESTAMP(2), 54.74);
INSERT INTO SENSORLOG VALUES(108, 100008, LOCALTIMESTAMP(2), 57.09);
INSERT INTO SENSORLOG VALUES(109, 100009, LOCALTIMESTAMP(2), 88.8);
INSERT INTO SENSORLOG VALUES(110, 100010, LOCALTIMESTAMP(2), 87.13);
INSERT INTO SENSORLOG VALUES(111, 100011, LOCALTIMESTAMP(2), 71.04);
INSERT INTO SENSORLOG VALUES(112, 100012, LOCALTIMESTAMP(2), 54.1);
INSERT INTO SENSORLOG VALUES(113, 100013, LOCALTIMESTAMP(2), 65.39);
INSERT INTO SENSORLOG VALUES(114, 100014, LOCALTIMESTAMP(2), 50.82);
INSERT INTO SENSORLOG VALUES(115, 100015, LOCALTIMESTAMP(2), 52.29);
INSERT INTO SENSORLOG VALUES(116, 100016, LOCALTIMESTAMP(2), 84.3);
INSERT INTO SENSORLOG VALUES(117, 100017, LOCALTIMESTAMP(2), 51.77);
INSERT INTO SENSORLOG VALUES(118, 100018, LOCALTIMESTAMP(2), 82.06);
INSERT INTO SENSORLOG VALUES(119, 100019, LOCALTIMESTAMP(2), 55.79);
INSERT INTO SENSORLOG VALUES(120, 100020, LOCALTIMESTAMP(2), 75.88);
INSERT INTO SENSORLOG VALUES(121, 100021, LOCALTIMESTAMP(2), 59.85);
INSERT INTO SENSORLOG VALUES(122, 100022, LOCALTIMESTAMP(2), 89.91);
INSERT INTO SENSORLOG VALUES(123, 100023, LOCALTIMESTAMP(2), 81.58);
INSERT INTO SENSORLOG VALUES(124, 100024, LOCALTIMESTAMP(2), 82.93);
INSERT INTO SENSORLOG VALUES(125, 100025, LOCALTIMESTAMP(2), 72.13);
INSERT INTO SENSORLOG VALUES(126, 100026, LOCALTIMESTAMP(2), 67.44);
INSERT INTO SENSORLOG VALUES(127, 100027, LOCALTIMESTAMP(2), 87.2);
INSERT INTO SENSORLOG VALUES(128, 100028, LOCALTIMESTAMP(2), 74.13);
INSERT INTO SENSORLOG VALUES(129, 100029, LOCALTIMESTAMP(2), 84.77);
INSERT INTO SENSORLOG VALUES(130, 100030, LOCALTIMESTAMP(2), 69.19);
INSERT INTO SENSORLOG VALUES(131, 100031, LOCALTIMESTAMP(2), 61.53);
INSERT INTO SENSORLOG VALUES(132, 100032, LOCALTIMESTAMP(2), 84.54);
INSERT INTO SENSORLOG VALUES(133, 100033, LOCALTIMESTAMP(2), 85.99);
INSERT INTO SENSORLOG VALUES(134, 100034, LOCALTIMESTAMP(2), 76.99);
INSERT INTO SENSORLOG VALUES(135, 100035, LOCALTIMESTAMP(2), 59.1);
INSERT INTO SENSORLOG VALUES(136, 100036, LOCALTIMESTAMP(2), 71.86);
INSERT INTO SENSORLOG VALUES(137, 100037, LOCALTIMESTAMP(2), 60.27);
INSERT INTO SENSORLOG VALUES(138, 100038, LOCALTIMESTAMP(2), 67.15);
INSERT INTO SENSORLOG VALUES(139, 100039, LOCALTIMESTAMP(2), 79.67);
INSERT INTO SENSORLOG VALUES(140, 100040, LOCALTIMESTAMP(2), 61.14);
INSERT INTO SENSORLOG VALUES(141, 100041, LOCALTIMESTAMP(2), 59.82);
INSERT INTO SENSORLOG VALUES(142, 100042, LOCALTIMESTAMP(2), 84.49);
INSERT INTO SENSORLOG VALUES(143, 100043, LOCALTIMESTAMP(2), 71.48);
INSERT INTO SENSORLOG VALUES(144, 100044, LOCALTIMESTAMP(2), 54.52);
INSERT INTO SENSORLOG VALUES(145, 100045, LOCALTIMESTAMP(2), 53.52);
INSERT INTO SENSORLOG VALUES(146, 100046, LOCALTIMESTAMP(2), 82.67);
INSERT INTO SENSORLOG VALUES(147, 100047, LOCALTIMESTAMP(2), 60.55);
INSERT INTO SENSORLOG VALUES(148, 100048, LOCALTIMESTAMP(2), 87.33);
INSERT INTO SENSORLOG VALUES(149, 100049, LOCALTIMESTAMP(2), 58.89);
INSERT INTO SENSORLOG VALUES(150, 100050, LOCALTIMESTAMP(2), 50.93);
INSERT INTO SENSORLOG VALUES(151, 100051, LOCALTIMESTAMP(2), 55.46);
INSERT INTO SENSORLOG VALUES(152, 100052, LOCALTIMESTAMP(2), 66.69);
INSERT INTO SENSORLOG VALUES(153, 100053, LOCALTIMESTAMP(2), 85.59);
INSERT INTO SENSORLOG VALUES(154, 100054, LOCALTIMESTAMP(2), 52.13);
INSERT INTO SENSORLOG VALUES(155, 100055, LOCALTIMESTAMP(2), 62.08);
INSERT INTO SENSORLOG VALUES(156, 100056, LOCALTIMESTAMP(2), 59.39);
INSERT INTO SENSORLOG VALUES(157, 100057, LOCALTIMESTAMP(2), 83.58);
INSERT INTO SENSORLOG VALUES(158, 100058, LOCALTIMESTAMP(2), 58.72);
INSERT INTO SENSORLOG VALUES(159, 100059, LOCALTIMESTAMP(2), 73.44);
INSERT INTO SENSORLOG VALUES(160, 100060, LOCALTIMESTAMP(2), 80.04);
INSERT INTO SENSORLOG VALUES(161, 100061, LOCALTIMESTAMP(2), 52.24);
INSERT INTO SENSORLOG VALUES(162, 100062, LOCALTIMESTAMP(2), 54.76);
INSERT INTO SENSORLOG VALUES(163, 100063, LOCALTIMESTAMP(2), 87.78);
INSERT INTO SENSORLOG VALUES(164, 100064, LOCALTIMESTAMP(2), 65.07);
INSERT INTO SENSORLOG VALUES(165, 100065, LOCALTIMESTAMP(2), 79.47);
INSERT INTO SENSORLOG VALUES(166, 100066, LOCALTIMESTAMP(2), 88.55);
INSERT INTO SENSORLOG VALUES(167, 100067, LOCALTIMESTAMP(2), 52.4);
INSERT INTO SENSORLOG VALUES(168, 100068, LOCALTIMESTAMP(2), 56.84);
INSERT INTO SENSORLOG VALUES(169, 100069, LOCALTIMESTAMP(2), 54.72);
INSERT INTO SENSORLOG VALUES(170, 100070, LOCALTIMESTAMP(2), 82.91);
INSERT INTO SENSORLOG VALUES(171, 100071, LOCALTIMESTAMP(2), 82.86);
INSERT INTO SENSORLOG VALUES(172, 100072, LOCALTIMESTAMP(2), 70.31);
INSERT INTO SENSORLOG VALUES(173, 100073, LOCALTIMESTAMP(2), 88.6);
INSERT INTO SENSORLOG VALUES(174, 100074, LOCALTIMESTAMP(2), 72.76);
INSERT INTO SENSORLOG VALUES(175, 100075, LOCALTIMESTAMP(2), 82.16);
INSERT INTO SENSORLOG VALUES(176, 100076, LOCALTIMESTAMP(2), 51.75);
INSERT INTO SENSORLOG VALUES(177, 100077, LOCALTIMESTAMP(2), 55.3);
INSERT INTO SENSORLOG VALUES(178, 100078, LOCALTIMESTAMP(2), 72.91);
INSERT INTO SENSORLOG VALUES(179, 100079, LOCALTIMESTAMP(2), 51.43);
INSERT INTO SENSORLOG VALUES(180, 100080, LOCALTIMESTAMP(2), 83.85);
INSERT INTO SENSORLOG VALUES(181, 100081, LOCALTIMESTAMP(2), 68.27);
INSERT INTO SENSORLOG VALUES(182, 100082, LOCALTIMESTAMP(2), 74.08);
INSERT INTO SENSORLOG VALUES(183, 100083, LOCALTIMESTAMP(2), 65.65);
INSERT INTO SENSORLOG VALUES(184, 100084, LOCALTIMESTAMP(2), 87.79);
INSERT INTO SENSORLOG VALUES(185, 100085, LOCALTIMESTAMP(2), 68.75);
INSERT INTO SENSORLOG VALUES(186, 100086, LOCALTIMESTAMP(2), 78.95);
INSERT INTO SENSORLOG VALUES(187, 100087, LOCALTIMESTAMP(2), 62.5);
INSERT INTO SENSORLOG VALUES(188, 100088, LOCALTIMESTAMP(2), 76.95);
INSERT INTO SENSORLOG VALUES(189, 100089, LOCALTIMESTAMP(2), 65.67);
INSERT INTO SENSORLOG VALUES(190, 100090, LOCALTIMESTAMP(2), 60.5);
INSERT INTO SENSORLOG VALUES(191, 100091, LOCALTIMESTAMP(2), 54.25);
INSERT INTO SENSORLOG VALUES(192, 100092, LOCALTIMESTAMP(2), 60.67);
INSERT INTO SENSORLOG VALUES(193, 100093, LOCALTIMESTAMP(2), 59.59);
INSERT INTO SENSORLOG VALUES(194, 100094, LOCALTIMESTAMP(2), 50.79);
INSERT INTO SENSORLOG VALUES(195, 100095, LOCALTIMESTAMP(2), 80.1);
INSERT INTO SENSORLOG VALUES(196, 100096, LOCALTIMESTAMP(2), 59.94);
INSERT INTO SENSORLOG VALUES(197, 100097, LOCALTIMESTAMP(2), 64.02);
INSERT INTO SENSORLOG VALUES(198, 100098, LOCALTIMESTAMP(2), 88.02);
INSERT INTO SENSORLOG VALUES(199, 100099, LOCALTIMESTAMP(2), 54.21);
INSERT INTO SENSORLOG VALUES(200, 100100, LOCALTIMESTAMP(2), 79.34);

--DINNINGTABLE--
DELETE FROM DINNINGTABLE;
INSERT INTO DinningTable VALUES(0, 0, 4, '否');
INSERT INTO DinningTable VALUES(1, 2, 3, '是');
INSERT INTO DinningTable VALUES(11, 10, 10, '是');

--ORDERLIST--
DELETE FROM ORDERLIST;
INSERT INTO OrderList VALUES(
'sidfh3f7sdh',
to_date('2022-04-27 00:00:00','yyyy-mm-dd hh24:mi:ss'),
0,
'已支付'
);
INSERT INTO OrderList VALUES(
'hsudfg82dsf',
to_date('2022-05-01 12:52:30','yyyy-mm-dd hh24:mi:ss'),
1,
'已完成'
);
INSERT INTO OrderList VALUES(
'87fehrug2ug',
to_date('2022-05-13 22:52:11','yyyy-mm-dd hh24:mi:ss'),
11,
'制作中'
);
INSERT INTO OrderList VALUES(
'7neygfwurtw',
to_date('2022-05-13 22:53:22','yyyy-mm-dd hh24:mi:ss'),
1,
'待处理'
);

--DISHES--
DELETE FROM DISHES;
INSERT INTO Dishes VALUES(101,'土豆牛腩', 32.50, '富有韧性且肥瘦相间的牛腩肉和土豆装小高压锅里炖煮，牛腩和土豆都炖得软烂入味，用筷子轻轻一戳就可以化开。');
INSERT INTO Dishes VALUES(102,'红烧大排', 16.50, '一拍，二炸，三煮；肉质嫩，汁水多，味道足，不失为上等佳品。');
INSERT INTO Dishes VALUES(103,'水煮包菜', 4.50, '朴素的烹饪方法最能体现食材原本的味道。');

--DISHORDERLIST--
DELETE FROM DISHORDERLIST;
INSERT INTO DishOrderList VALUES('7nysdg8sn3a', 'hsudfg82dsf', 101, 11.45, '已完成');
INSERT INTO DishOrderList VALUES('283nx8ewyfs', 'hsudfg82dsf', 102, 4.50, '已完成');
INSERT INTO DishOrderList VALUES('4783cnyergx', 'hsudfg82dsf', 103, 0.00, '已完成');
INSERT INTO DishOrderList VALUES('4nefugng68l', '87fehrug2ug', 101, 8.10, '已完成');
INSERT INTO DishOrderList VALUES('9snfsd9dfsf', '87fehrug2ug', 102, 16.50, '制作中');
INSERT INTO DishOrderList VALUES('12hejhfbdys', '7neygfwurtw', 101, 32.50, '待处理');

--SALARY--
DELETE FROM SALARY;
INSERT INTO salary(occupation, amount) VALUES('经理',30000.0);
INSERT INTO salary(occupation, amount) VALUES('仓库管理员',20000.0);
INSERT INTO salary(occupation, amount) VALUES('后厨人员',20000.0);
INSERT INTO salary(occupation, amount) VALUES('服务员',15000.0);
INSERT INTO salary(occupation, amount) VALUES('保洁人员',15000.0);
INSERT INTO salary(occupation, amount) VALUES('搬运工',15000.0);
INSERT INTO salary(occupation, amount) VALUES('前台',15000.0);

--EMPLOYEE--
DELETE FROM EMPLOYEE;
INSERT INTO employee(id, name, gender, occupation) VALUES(1001,'戴仁杰','男','经理');
INSERT INTO employee(id, name, gender, occupation) VALUES(1002,'杨鑫','男','仓库管理员');
INSERT INTO employee(id, name, gender, occupation) VALUES(1003,'杨淳屹','男','后厨人员');
INSERT INTO employee(id, name, gender, occupation) VALUES(1004,'陈晨','女','服务员');
INSERT INTO employee(id, name, gender, occupation) VALUES(1005,'李乐天','男','保洁人员');
INSERT INTO employee(id, name, gender, occupation) VALUES(1006,'孟宇','男','搬运工');
INSERT INTO employee(id, name, gender, occupation) VALUES(1007,'杨孟臻','男','前台');
INSERT INTO employee(id, name, gender, occupation) VALUES(1008,'何正潇','男','经理');
INSERT INTO employee(id, name, gender, occupation) VALUES(1009,'姜文渊','男','仓库管理员');
INSERT INTO employee(id, name, gender, occupation) VALUES(1010,'王铭邦','男','后厨人员');
INSERT INTO employee(id, name, gender, occupation) VALUES(1011,'香宁雨','女','服务员');
INSERT INTO employee(id, name, gender, occupation) VALUES(1012,'安江涛','男','保洁人员');
INSERT INTO employee(id, name, gender, occupation) VALUES(1013,'肖杨','男','搬运工');
INSERT INTO employee(id, name, gender, occupation) VALUES(1014,'卓正一','男','前台');

--INGREDIENTS--
DELETE FROM INGREDIENTS;
INSERT INTO Ingredients(ingr_id,ingr_name, ingr_description, ingr_type)
VALUES(1,'土豆', '马铃薯（学名：Solanum tuberosum L.），属茄科，一年生草本植物，块茎可供食用。', '蔬菜');
INSERT INTO Ingredients(ingr_id,ingr_name, ingr_description, ingr_type)
VALUES(2,'牛腩', '新鲜的、带有筋、肉、油花的牛肉块，即牛腹部及靠近牛肋处的松软肌肉。', '肉类');
INSERT INTO Ingredients(ingr_id,ingr_name, ingr_description, ingr_type)
VALUES(3,'普通辣椒', '木兰纲、茄科、辣椒属一年或有限多年生草本植物，有刺激性味道，用于调味。', '调料');
INSERT INTO Ingredients(ingr_id,ingr_name, ingr_description, ingr_type)
VALUES(4,'生抽酱油', '颜色比较淡并且呈红褐色的酱油。', '调料');
INSERT INTO Ingredients(ingr_id,ingr_name, ingr_description, ingr_type)
VALUES(5,'老抽酱油', '颜色比较深并且呈褐色的酱油。', '调料');
INSERT INTO Ingredients(ingr_id,ingr_name, ingr_description, ingr_type)
VALUES(6,'色拉油', '精制的高级食用植物油 。', '调料');
INSERT INTO Ingredients(ingr_id,ingr_name, ingr_description, ingr_type)
VALUES(7,'玉米淀粉', '玉米淀粉是烹饪中使用最为广泛的淀粉，主要用于勾芡、腌肉、挂糊等。', '杂项');
INSERT INTO Ingredients(ingr_id,ingr_name, ingr_description, ingr_type)
VALUES(8,'猪大排', '里脊肉与背脊肉连接的部位，又称为肉排，多用于油炸。以肉片为主，但带着排骨。', '肉类');
INSERT INTO Ingredients(ingr_id,ingr_name, ingr_description, ingr_type)
VALUES(9,'包菜', '为十字花科、芸薹属的一年生或两年生草本植物，二年生草本，基生叶质厚，层层包裹成球状体，扁球形。', '蔬菜');

--WORK_PLAN--
DELETE FROM WORK_PLAN;
INSERT INTO work_plan(id, time_start, time_end, place, occupation, no) VALUES(1,to_date('2022-05-16 09:00:00','yyyy-MM-dd HH24:mi:ss'),to_date('2022-05-16 18:00:00','yyyy-MM-dd HH24:mi:ss'),'大堂','经理',2);
INSERT INTO work_plan(id, time_start, time_end, place, occupation, no) VALUES(2,to_date('2022-05-17 09:00:00','yyyy-MM-dd HH24:mi:ss'),to_date('2022-05-16 18:00:00','yyyy-MM-dd HH24:mi:ss'),'大堂','经理',1);
INSERT INTO work_plan(id, time_start, time_end, place, occupation, no) VALUES(3,to_date('2022-05-18 09:00:00','yyyy-MM-dd HH24:mi:ss'),to_date('2022-05-16 18:00:00','yyyy-MM-dd HH24:mi:ss'),'大堂','经理',1);
INSERT INTO work_plan(id, time_start, time_end, place, occupation, no) VALUES(4,to_date('2022-05-19 09:00:00','yyyy-MM-dd HH24:mi:ss'),to_date('2022-05-16 18:00:00','yyyy-MM-dd HH24:mi:ss'),'大堂','经理',1);
INSERT INTO work_plan(id, time_start, time_end, place, occupation, no) VALUES(5,to_date('2022-05-20 09:00:00','yyyy-MM-dd HH24:mi:ss'),to_date('2022-05-16 18:00:00','yyyy-MM-dd HH24:mi:ss'),'大堂','经理',1);

--AWARD--
DELETE FROM AWARD;
INSERT INTO award(lv, amount) VALUES('全勤奖',5000.0);
INSERT INTO award(lv, amount) VALUES('最佳团队精神奖',5000.0);
INSERT INTO award(lv, amount) VALUES('最佳员工',30000.0);
INSERT INTO award(lv, amount) VALUES('优秀员工一等',15000.0);
INSERT INTO award(lv, amount) VALUES('优秀员工二等',10000.0);
INSERT INTO award(lv, amount) VALUES('优秀员工三等',5000.0);

--PRIZE--
DELETE FROM PRIZE;
INSERT INTO prize(prize_datetime, employee_id, lv) VALUES(to_date('2022-04-30 12:00:00','yyyy-MM-dd HH24:mi:ss'),1001,'全勤奖');
INSERT INTO prize(prize_datetime, employee_id, lv) VALUES(to_date('2022-04-30 12:00:00','yyyy-MM-dd HH24:mi:ss'),1003,'最佳团队精神奖');
INSERT INTO prize(prize_datetime, employee_id, lv) VALUES(to_date('2022-04-30 12:00:00','yyyy-MM-dd HH24:mi:ss'),1008,'最佳员工');
INSERT INTO prize(prize_datetime, employee_id, lv) VALUES(to_date('2022-04-30 12:00:00','yyyy-MM-dd HH24:mi:ss'),1010,'优秀员工一等');
INSERT INTO prize(prize_datetime, employee_id, lv) VALUES(to_date('2022-04-30 12:00:00','yyyy-MM-dd HH24:mi:ss'),1011,'优秀员工二等');
INSERT INTO prize(prize_datetime, employee_id, lv) VALUES(to_date('2022-04-30 12:00:00','yyyy-MM-dd HH24:mi:ss'),1013,'优秀员工三等');

--ASSETES--
DELETE FROM ASSETS;
insert into assets
values('A0001','餐盘消毒机',1002,0);
insert into assets
values('B0002','食材搅拌机',1009,0);
insert into assets
values('C0001','菜品恒温箱',1002,-1);

--PAYROLL--
DELETE FROM PAYROLL;
INSERT INTO payroll(pay_datetime, employee_id) VALUES(to_date('2022-04-30 12:00:00','yyyy-MM-dd HH24:mi:ss'),1001);
INSERT INTO payroll(pay_datetime, employee_id) VALUES(to_date('2022-04-30 12:00:00','yyyy-MM-dd HH24:mi:ss'),1002);
INSERT INTO payroll(pay_datetime, employee_id) VALUES(to_date('2022-04-30 12:00:00','yyyy-MM-dd HH24:mi:ss'),1003);
INSERT INTO payroll(pay_datetime, employee_id) VALUES(to_date('2022-04-30 12:00:00','yyyy-MM-dd HH24:mi:ss'),1004);
INSERT INTO payroll(pay_datetime, employee_id) VALUES(to_date('2022-04-30 12:00:00','yyyy-MM-dd HH24:mi:ss'),1005);
INSERT INTO payroll(pay_datetime, employee_id) VALUES(to_date('2022-04-30 12:00:00','yyyy-MM-dd HH24:mi:ss'),1006);
INSERT INTO payroll(pay_datetime, employee_id) VALUES(to_date('2022-04-30 12:00:00','yyyy-MM-dd HH24:mi:ss'),1007);
INSERT INTO payroll(pay_datetime, employee_id) VALUES(to_date('2022-04-30 12:00:00','yyyy-MM-dd HH24:mi:ss'),1008);
INSERT INTO payroll(pay_datetime, employee_id) VALUES(to_date('2022-04-30 12:00:00','yyyy-MM-dd HH24:mi:ss'),1009);
INSERT INTO payroll(pay_datetime, employee_id) VALUES(to_date('2022-04-30 12:00:00','yyyy-MM-dd HH24:mi:ss'),1010);
INSERT INTO payroll(pay_datetime, employee_id) VALUES(to_date('2022-04-30 12:00:00','yyyy-MM-dd HH24:mi:ss'),1011);
INSERT INTO payroll(pay_datetime, employee_id) VALUES(to_date('2022-04-30 12:00:00','yyyy-MM-dd HH24:mi:ss'),1012);
INSERT INTO payroll(pay_datetime, employee_id) VALUES(to_date('2022-04-30 12:00:00','yyyy-MM-dd HH24:mi:ss'),1013);
INSERT INTO payroll(pay_datetime, employee_id) VALUES(to_date('2022-04-30 12:00:00','yyyy-MM-dd HH24:mi:ss'),1014);

--VIP--
DELETE FROM VIP;
INSERT INTO VIP VALUES('徐满心', 'xmx12345', date'2001-3-20', '男', 500.5, 20, '否');
INSERT INTO VIP VALUES('余缨子', 'yyx54321', date'2001-12-21', '女', 300, 40, '否');
INSERT INTO VIP VALUES('翟晨昊', 'zchzn520', date'2000-10-3', '男', 23, 13,'否');
INSERT INTO VIP VALUES('陈中悦', 'czy55555', date'2001-9-2', '女', 309.42, 0, '否');
INSERT INTO VIP VALUES('default01', 'dd0001', date'2022-4-15', '未定义', 0, 0, '是');

--SUPPLIER--
DELETE FROM SUPPLIER;
insert into supplier
values(1,'上海百事可乐饮料有限公司','上海市徐汇区南宁路970号徐汇万科b座','18817271234',1002);
insert into supplier
values(2,'上海清真食品公司','上海市宝山区南大路164号','13955030987',1009);
insert into supplier
values(3,'百事食品（中国）有限公司','上海市黄浦区中山东一路365号','18949104139',1002);

--INGREDIENT_RECORD--
DELETE FROM INGREDIENT_RECORD;
insert into ingredient_record
values(1,1,date'2021-08-25',200,500,'L',365,date'2021-06-01',15.50,1002);
insert into ingredient_record
values(2,2,date'2021-10-24',50,60,'kg',30,date'2022-01-02',30.00,1009);
insert into ingredient_record
values(3,1,date'2022-04-28',500,600,'L',365,date'2022-05-10',16.20,1002);

--ATTEND--
DELETE FROM ATTEND;
INSERT INTO attend(plan_id, employee_id, attendance) VALUES(1,1001,0);
INSERT INTO attend(plan_id, employee_id, attendance) VALUES(1,1008,1);
INSERT INTO attend(plan_id, employee_id, attendance) VALUES(2,1001,1);
INSERT INTO attend(plan_id, employee_id, attendance) VALUES(3,1008,1);
INSERT INTO attend(plan_id, employee_id, attendance) VALUES(4,1001,1);
INSERT INTO attend(plan_id, employee_id, attendance) VALUES(5,1008,1);

--PROMOTION--
DELETE FROM PROMOTION;
INSERT INTO Promotion VALUES(
1,
to_date('2014-02-14','yyyy-mm-dd'),
to_date('2014-02-15','yyyy-mm-dd'),
'情人节特卖'
);
INSERT INTO Promotion VALUES(
10086,
to_date('2022-05-12 00:00:00','yyyy-mm-dd hh24:mi:ss'),
to_date('2022-05-12 23:59:59','yyyy-mm-dd hh24:mi:ss'),
'疯狂星期四'
);
INSERT INTO Promotion VALUES(
114514,
to_date('20180322','yyyymmdd'),
to_date('20180324','yyyymmdd'),
'不知道是什么但总之是一个活动'
);

--DISHTAGS--
DELETE FROM DISHTAGS;
INSERT INTO DishTags(dtag_id, dtag_name)
VALUES(1,'荤菜');
INSERT INTO DishTags(dtag_id, dtag_name)
VALUES(2,'素菜');
INSERT INTO DishTags(dtag_id, dtag_name)
VALUES(3,'不辣');
INSERT INTO DishTags(dtag_id, dtag_name)
VALUES(4,'微辣');

--MANAGE--
DELETE FROM MANAGE;
insert into manage
values(1002,'A0001','设备启用',date'2019-03-05','新设备启用',0);
insert into manage
values(1009,'B0002','设备维修',date'2021-01-07','搅拌时快时慢，需要检查维修',200);
insert into manage
values(1002,'C0001','设备停用',date'2022-05-05','设备已经达到额定使用年限，停用',0);

--ORDER_NUMBER--
DELETE FROM ORDER_NUMBER;
INSERT INTO order_number VALUES(date'2022-3-15', 'A001', '余缨子',  'sidfh3f7sdh');
INSERT INTO order_number VALUES(date'2022-3-15', 'A002', '翟晨昊',  'hsudfg82dsf');
INSERT INTO order_number VALUES(date'2022-4-1', 'B003', '翟晨昊',  '87fehrug2ug');
INSERT INTO order_number VALUES(date'2022-5-13', 'C001', 'default01',  '7neygfwurtw');

--ORIGIN_CHEF--
DELETE FROM ORIGIN_CHEF;

--COMMENT_ON_SERVICE--
DELETE FROM COMMENT_ON_SERVICE;
INSERT INTO comment_on_service VALUES(
'fuz10qf252pq7zzp',
'徐满心',
to_date('2022-05-19 12:00:00','yyyy-mm-dd hh24:mi:ss'),
5,
'很好，下次再来'
);
INSERT INTO comment_on_service VALUES(
'78i0ep55hnp78vp5',
'徐满心',
to_date('2022-05-19 12:00:00','yyyy-mm-dd hh24:mi:ss'),
5,
'很好，下次再来'
);
INSERT INTO comment_on_service VALUES(
'n1k95k2y9mj46785',
'徐满心',
to_date('2022-05-19 12:00:00','yyyy-mm-dd hh24:mi:ss'),
5,
'很好，下次再来'
);
INSERT INTO comment_on_service VALUES(
'm6qrdhtd2bd5dh22',
'陈中悦',
to_date('2022-05-19 12:00:00','yyyy-mm-dd hh24:mi:ss'),
5,
'很好，下次再来'
);

--ORIGIN_INGR_RECORD--
DELETE FROM ORIGIN_INGR_RECORD;

--PROVIDE--
DELETE FROM PROVIDE;
insert into provide values(1,1);
insert into provide values(2,2);
insert into provide values(3,3);

--COMMENT_ON_DISH--
DELETE FROM COMMENT_ON_DISH;
INSERT INTO comment_on_dish VALUES(
'265wmakx31mfdhxv',
'default01',
101,
to_date('2022-05-19 12:20:22','yyyy-mm-dd hh24:mi:ss'),
1,
'不好吃'
);
INSERT INTO comment_on_dish VALUES(
'cbd8578zj7jjgig1',
'default01',
103,
to_date('2022-05-19 12:21:52','yyyy-mm-dd hh24:mi:ss'),
3,
'一般'
);
INSERT INTO comment_on_dish VALUES(
'rlttm3zu8oe3gav8',
'default01',
102,
to_date('2022-05-19 12:22:30','yyyy-mm-dd hh24:mi:ss'),
5,
'不浓不淡，味道真是好极了'
);
INSERT INTO comment_on_dish VALUES(
'z7k3754uozlb46kv',
'default01',
101,
to_date('2022-05-19 12:23:30','yyyy-mm-dd hh24:mi:ss'),
4,
'不错，就是土豆放太多了'
);

--HASDISH--
DELETE FROM HASDISH;
INSERT INTO hasDish VALUES(1, 101, 0.5);
INSERT INTO hasDish VALUES(10086, 102, 0.3);
INSERT INTO hasDish VALUES(114514, 103, 0.9);

--CHEF_CANCOOK_DISH--
DELETE FROM CHEF_CANCOOK_DISH;
INSERT INTO CHEF_CANCOOK_DISH VALUES(101, 1002);
INSERT INTO CHEF_CANCOOK_DISH VALUES(102, 1002);
INSERT INTO CHEF_CANCOOK_DISH VALUES(103, 1002);
INSERT INTO CHEF_CANCOOK_DISH VALUES(102, 1004);
INSERT INTO CHEF_CANCOOK_DISH VALUES(102, 1005);
INSERT INTO CHEF_CANCOOK_DISH VALUES(101, 1006);
INSERT INTO CHEF_CANCOOK_DISH VALUES(101, 1008);
INSERT INTO CHEF_CANCOOK_DISH VALUES(101, 1009);
INSERT INTO CHEF_CANCOOK_DISH VALUES(103, 1009);
INSERT INTO CHEF_CANCOOK_DISH VALUES(103, 1010);
INSERT INTO CHEF_CANCOOK_DISH VALUES(101, 1011);
INSERT INTO CHEF_CANCOOK_DISH VALUES(102, 1011);
INSERT INTO CHEF_CANCOOK_DISH VALUES(103, 1011);
INSERT INTO CHEF_CANCOOK_DISH VALUES(102, 1012);

--DISHE_NEED_INGR--
DELETE FROM DISHE_NEED_INGR;
INSERT INTO DISHE_NEED_INGR VALUES(101, 1);
INSERT INTO DISHE_NEED_INGR VALUES(102, 1);
INSERT INTO DISHE_NEED_INGR VALUES(101, 2);
INSERT INTO DISHE_NEED_INGR VALUES(102, 2);
INSERT INTO DISHE_NEED_INGR VALUES(101, 3);
INSERT INTO DISHE_NEED_INGR VALUES(103, 3);
INSERT INTO DISHE_NEED_INGR VALUES(101, 4);
INSERT INTO DISHE_NEED_INGR VALUES(102, 4);
INSERT INTO DISHE_NEED_INGR VALUES(103, 4);
INSERT INTO DISHE_NEED_INGR VALUES(101, 5);
INSERT INTO DISHE_NEED_INGR VALUES(102, 5);
INSERT INTO DISHE_NEED_INGR VALUES(101, 6);
INSERT INTO DISHE_NEED_INGR VALUES(102, 6);
INSERT INTO DISHE_NEED_INGR VALUES(103, 6);
INSERT INTO DISHE_NEED_INGR VALUES(101, 7);
INSERT INTO DISHE_NEED_INGR VALUES(102, 7);
INSERT INTO DISHE_NEED_INGR VALUES(103, 7);
INSERT INTO DISHE_NEED_INGR VALUES(101, 8);
INSERT INTO DISHE_NEED_INGR VALUES(102, 8);
INSERT INTO DISHE_NEED_INGR VALUES(103, 8);
INSERT INTO DISHE_NEED_INGR VALUES(103, 9);

--DISH_HAS_TAG--
DELETE FROM DISH_HAS_TAG;
INSERT INTO DISH_HAS_TAG VALUES(101, 1);
INSERT INTO DISH_HAS_TAG VALUES(102, 1);
INSERT INTO DISH_HAS_TAG VALUES(101, 2);
INSERT INTO DISH_HAS_TAG VALUES(103, 2);
INSERT INTO DISH_HAS_TAG VALUES(101, 3);
INSERT INTO DISH_HAS_TAG VALUES(103, 3);
INSERT INTO DISH_HAS_TAG VALUES(102, 4);

-- add birthday to employee --
UPDATE EMPLOYEE SET BIRTHDAY = (date'2001-07-25') WHERE ID = 1001;
UPDATE EMPLOYEE SET BIRTHDAY = (date'2001-09-23') WHERE ID = 1002;
UPDATE EMPLOYEE SET BIRTHDAY = (date'2001-08-11') WHERE ID = 1003;
UPDATE EMPLOYEE SET BIRTHDAY = (date'2000-01-02') WHERE ID = 1004;
UPDATE EMPLOYEE SET BIRTHDAY = (date'2002-04-23') WHERE ID = 1005;
UPDATE EMPLOYEE SET BIRTHDAY = (date'1999-12-29') WHERE ID = 1006;
UPDATE EMPLOYEE SET BIRTHDAY = (date'2000-01-05') WHERE ID = 1007;
UPDATE EMPLOYEE SET BIRTHDAY = (date'2000-09-09') WHERE ID = 1008;
UPDATE EMPLOYEE SET BIRTHDAY = (date'2000-11-11') WHERE ID = 1009;
UPDATE EMPLOYEE SET BIRTHDAY = (date'2001-04-09') WHERE ID = 1010;
UPDATE EMPLOYEE SET BIRTHDAY = (date'2002-08-21') WHERE ID = 1011;
UPDATE EMPLOYEE SET BIRTHDAY = (date'2003-09-22') WHERE ID = 1012;
UPDATE EMPLOYEE SET BIRTHDAY = (date'2002-11-09') WHERE ID = 1013;
UPDATE EMPLOYEE SET BIRTHDAY = (date'2000-01-30') WHERE ID = 1014;